"play","step","Systems / 205","Neuroptics / 207","Circuits / 209","Runs / 228"
"96","0","0","0","0","0"
"96","1","0","0","87","1"
"96","2","0","0","165","2"
"96","3","1","0","209","3"
"96","4","1","1","249","4"
"96","5","1","2","312","5"
"96","6","1","3","376","6"
"96","7","2","3","422","7"
"96","8","2","4","509","8"
"96","9","2","5","582","9"
"96","10","2","6","631","10"
"96","11","2","7","712","11"
"97","0","0","0","0","0"
"97","1","0","0","84","1"
"97","2","0","1","170","2"
"97","3","0","2","228","3"
"97","4","0","3","294","4"
"97","5","0","4","356","5"
"97","6","0","5","423","6"
"97","7","0","5","480","7"
"97","8","0","5","584","8"
"97","9","0","5","630","9"
"97","10","1","5","709","10"
"98","0","0","0","0","0"
"98","1","0","0","78","1"
"98","2","0","0","152","2"
"98","3","1","0","232","3"
"98","4","1","0","310","4"
"98","5","1","0","375","5"
"98","6","1","1","433","6"
"98","7","1","2","523","7"
"98","8","2","2","599","8"
"98","9","2","2","681","9"
"98","10","2","3","779","10"
"99","0","0","0","0","0"
"99","1","1","0","68","1"
"99","2","1","0","142","2"
"99","3","2","0","203","3"
"99","4","3","0","279","4"
"99","5","3","1","340","5"
"99","6","3","1","389","6"
"99","7","4","1","462","7"
"99","8","4","2","518","8"
"99","9","4","3","560","9"
"99","10","4","4","610","10"
"99","11","4","5","697","11"
"99","12","4","6","765","12"
"100","0","0","0","0","0"
"100","1","0","1","63","1"
"100","2","0","1","141","2"
"100","3","0","1","206","3"
"100","4","0","2","297","4"
"100","5","0","2","351","5"
"100","6","1","2","420","6"
"100","7","1","2","520","7"
"100","8","1","2","569","8"
"100","9","1","3","637","9"
"100","10","1","3","710","10"
"101","0","0","0","0","0"
"101","1","0","0","46","1"
"101","2","1","0","123","2"
"101","3","1","0","175","3"
"101","4","1","1","254","4"
"101","5","2","1","344","5"
"101","6","2","1","424","6"
"101","7","2","1","495","7"
"101","8","2","1","565","8"
"101","9","3","1","642","9"
"101","10","4","1","695","10"
"101","11","4","2","782","11"
"102","0","0","0","0","0"
"102","1","0","1","71","1"
"102","2","0","2","119","2"
"102","3","1","2","202","3"
"102","4","1","2","297","4"
"102","5","2","2","376","5"
"102","6","2","2","459","6"
"102","7","3","2","561","7"
"102","8","4","2","634","8"
"102","9","4","2","685","9"
"102","10","4","2","748","10"
"103","0","0","0","0","0"
"103","1","0","0","54","1"
"103","2","0","0","143","2"
"103","3","0","0","206","3"
"103","4","0","0","261","4"
"103","5","1","0","352","5"
"103","6","1","1","431","6"
"103","7","1","1","475","7"
"103","8","2","1","528","8"
"103","9","3","1","582","9"
"103","10","3","1","661","10"
"103","11","4","1","747","11"
"104","0","0","0","0","0"
"104","1","0","1","84","1"
"104","2","0","1","161","2"
"104","3","0","2","232","3"
"104","4","0","3","284","4"
"104","5","0","3","343","5"
"104","6","1","3","403","6"
"104","7","1","3","487","7"
"104","8","2","3","563","8"
"104","9","2","4","624","9"
"104","10","2","5","696","10"
"104","11","2","6","772","11"
"105","0","0","0","0","0"
"105","1","1","0","64","1"
"105","2","2","0","111","2"
"105","3","2","1","197","3"
"105","4","2","1","240","4"
"105","5","2","1","311","5"
"105","6","2","1","388","6"
"105","7","2","1","438","7"
"105","8","3","1","496","8"
"105","9","3","2","542","9"
"105","10","3","3","621","10"
"105","11","3","4","681","11"
"105","12","3","4","736","12"
"106","0","0","0","0","0"
"106","1","0","1","66","1"
"106","2","0","1","110","2"
"106","3","1","1","199","3"
"106","4","1","2","275","4"
"106","5","1","3","335","5"
"106","6","1","3","390","6"
"106","7","1","3","459","7"
"106","8","1","3","543","8"
"106","9","1","3","594","9"
"106","10","1","4","673","10"
"106","11","2","4","746","11"
"107","0","0","0","0","0"
"107","1","0","0","80","1"
"107","2","0","0","162","2"
"107","3","0","0","255","3"
"107","4","1","0","352","4"
"107","5","1","1","448","5"
"107","6","1","2","521","6"
"107","7","1","3","583","7"
"107","8","1","3","644","8"
"107","9","2","3","716","9"
"108","0","0","0","0","0"
"108","1","0","1","54","1"
"108","2","0","2","117","2"
"108","3","0","2","192","3"
"108","4","0","2","224","4"
"108","5","0","3","287","5"
"108","6","1","3","365","6"
"108","7","1","4","410","7"
"108","8","1","5","457","8"
"108","9","1","5","534","9"
"108","10","1","5","594","10"
"108","11","1","6","664","11"
"108","12","1","6","745","12"
"109","0","0","0","0","0"
"109","1","0","1","75","1"
"109","2","0","2","141","2"
"109","3","0","2","216","3"
"109","4","0","3","289","4"
"109","5","1","3","348","5"
"109","6","1","4","429","6"
"109","7","1","5","475","7"
"109","8","1","6","556","8"
"109","9","1","7","614","9"
"109","10","1","7","699","10"
"109","11","2","7","782","11"
"110","0","0","0","0","0"
"110","1","1","0","73","1"
"110","2","1","1","124","2"
"110","3","2","1","195","3"
"110","4","2","2","247","4"
"110","5","2","3","302","5"
"110","6","2","4","398","6"
"110","7","2","5","455","7"
"110","8","3","5","516","8"
"110","9","3","5","569","9"
"110","10","3","6","640","10"
"110","11","3","7","683","11"
"110","12","3","7","763","12"
"111","0","0","0","0","0"
"111","1","0","1","58","1"
"111","2","0","2","132","2"
"111","3","1","2","185","3"
"111","4","2","2","285","4"
"111","5","2","3","337","5"
"111","6","2","3","398","6"
"111","7","3","3","481","7"
"111","8","3","3","551","8"
"111","9","3","3","600","9"
"111","10","3","3","656","10"
"111","11","4","3","707","11"
"112","0","0","0","0","0"
"112","1","0","1","86","1"
"112","2","0","1","149","2"
"112","3","0","2","200","3"
"112","4","0","2","295","4"
"112","5","0","3","365","5"
"112","6","1","3","426","6"
"112","7","1","3","504","7"
"112","8","1","3","614","8"
"112","9","1","4","716","9"
"113","0","0","0","0","0"
"113","1","0","1","84","1"
"113","2","0","1","144","2"
"113","3","0","1","189","3"
"113","4","0","2","287","4"
"113","5","0","2","363","5"
"113","6","0","2","406","6"
"113","7","1","2","485","7"
"113","8","1","3","534","8"
"113","9","1","4","620","9"
"113","10","1","5","691","10"
"113","11","1","6","760","11"
"114","0","0","0","0","0"
"114","1","0","1","48","1"
"114","2","0","2","115","2"
"114","3","0","2","199","3"
"114","4","0","2","280","4"
"114","5","1","2","378","5"
"114","6","1","3","429","6"
"114","7","1","3","493","7"
"114","8","2","3","585","8"
"114","9","3","3","686","9"
"114","10","4","3","779","10"
"115","0","0","0","0","0"
"115","1","0","1","61","1"
"115","2","0","2","112","2"
"115","3","1","2","170","3"
"115","4","1","2","262","4"
"115","5","1","3","323","5"
"115","6","1","3","379","6"
"115","7","2","3","460","7"
"115","8","3","3","564","8"
"115","9","3","3","637","9"
"115","10","3","3","721","10"
"116","0","0","0","0","0"
"116","1","0","0","73","1"
"116","2","1","0","113","2"
"116","3","1","0","171","3"
"116","4","1","1","249","4"
"116","5","1","2","320","5"
"116","6","2","2","377","6"
"116","7","3","2","448","7"
"116","8","3","2","498","8"
"116","9","3","2","562","9"
"116","10","3","2","611","10"
"116","11","3","3","685","11"
"116","12","3","4","751","12"
"117","0","0","0","0","0"
"117","1","0","0","65","1"
"117","2","0","1","126","2"
"117","3","0","2","200","3"
"117","4","1","2","262","4"
"117","5","1","3","325","5"
"117","6","1","3","387","6"
"117","7","1","3","442","7"
"117","8","2","3","497","8"
"117","9","2","4","546","9"
"117","10","2","4","622","10"
"117","11","2","4","675","11"
"117","12","2","5","755","12"
"118","0","0","0","0","0"
"118","1","1","0","70","1"
"118","2","1","0","165","2"
"118","3","1","0","226","3"
"118","4","2","0","324","4"
"118","5","2","1","409","5"
"118","6","3","1","471","6"
"118","7","3","2","513","7"
"118","8","4","2","615","8"
"118","9","4","2","670","9"
"118","10","4","2","751","10"
"119","0","0","0","0","0"
"119","1","0","0","32","1"
"119","2","0","1","91","2"
"119","3","0","1","176","3"
"119","4","0","1","226","4"
"119","5","0","2","278","5"
"119","6","0","2","335","6"
"119","7","0","2","387","7"
"119","8","0","2","449","8"
"119","9","0","2","535","9"
"119","10","0","3","591","10"
"119","11","0","3","666","11"
"119","12","0","4","743","12"
"119","13","1","4","807","13"
"120","0","0","0","0","0"
"120","1","0","1","77","1"
"120","2","0","2","155","2"
"120","3","0","2","234","3"
"120","4","0","2","298","4"
"120","5","1","2","363","5"
"120","6","2","2","461","6"
"120","7","2","3","548","7"
"120","8","2","3","611","8"
"120","9","2","3","684","9"
"120","10","2","3","760","10"
"121","0","0","0","0","0"
"121","1","1","0","81","1"
"121","2","1","0","172","2"
"121","3","2","0","244","3"
"121","4","2","0","313","4"
"121","5","3","0","406","5"
"121","6","4","0","486","6"
"121","7","4","1","525","7"
"121","8","4","1","603","8"
"121","9","4","2","665","9"
"121","10","4","3","722","10"
"122","0","0","0","0","0"
"122","1","0","0","71","1"
"122","2","0","0","133","2"
"122","3","0","0","209","3"
"122","4","0","1","258","4"
"122","5","0","2","321","5"
"122","6","0","2","397","6"
"122","7","0","2","482","7"
"122","8","0","3","565","8"
"122","9","0","3","656","9"
"122","10","0","3","710","10"
"122","11","1","3","779","11"
"123","0","0","0","0","0"
"123","1","0","0","67","1"
"123","2","0","1","132","2"
"123","3","0","1","166","3"
"123","4","1","1","268","4"
"123","5","1","1","350","5"
"123","6","1","1","413","6"
"123","7","2","1","509","7"
"123","8","2","2","555","8"
"123","9","2","3","625","9"
"123","10","3","3","715","10"
"124","0","0","0","0","0"
"124","1","1","0","65","1"
"124","2","1","1","136","2"
"124","3","2","1","185","3"
"124","4","3","1","234","4"
"124","5","3","1","310","5"
"124","6","4","1","391","6"
"124","7","4","1","458","7"
"124","8","5","1","513","8"
"124","9","6","1","557","9"
"124","10","6","2","598","10"
"124","11","7","2","687","11"
"124","12","8","2","786","12"
"125","0","0","0","0","0"
"125","1","0","0","81","1"
"125","2","0","0","133","2"
"125","3","0","1","209","3"
"125","4","0","1","249","4"
"125","5","0","2","331","5"
"125","6","1","2","393","6"
"125","7","1","3","446","7"
"125","8","1","4","529","8"
"125","9","1","5","611","9"
"125","10","1","6","694","10"
"125","11","1","7","759","11"